,Batsman,Mode of Dismissal,Runs Scored,Balls Faced,Fours,Sixes,Strike Rate,Innings,Location,Date,Batting Position,Format,Year,Match,Series,Dismissal Type
0,Ed Cowan,c M Dhoni b R Ashwin,68,177,7,0,38.42,1,"Melbourne Cricket Ground, Melbourne","Dec 26-Dec 30, 10:30 AM LOCAL",1,Test,2011-12,"Australia vs India, 1st Test - Live Cricket Score, Commentary",India in Australia Test series,caught and bowled
1,David Warner,c M Dhoni b U Yadav,37,49,4,1,75.51,1,"Melbourne Cricket Ground, Melbourne","Dec 26-Dec 30, 10:30 AM LOCAL",2,Test,2011-12,"Australia vs India, 1st Test - Live Cricket Score, Commentary",India in Australia Test series,caught and bowled
3,Ricky Ponting,c V Laxman b U Yadav,62,94,6,0,65.96,1,"Melbourne Cricket Ground, Melbourne","Dec 26-Dec 30, 10:30 AM LOCAL",4,Test,2011-12,"Australia vs India, 1st Test - Live Cricket Score, Commentary",India in Australia Test series,caught and bowled
4,Michael Clarke,b Z Khan,31,68,5,0,45.59,1,"Melbourne Cricket Ground, Melbourne","Dec 26-Dec 30, 10:30 AM LOCAL",5,Test,2011-12,"Australia vs India, 1st Test - Live Cricket Score, Commentary",India in Australia Test series,bowled
6,Brad Haddin,c V Sehwag b Z Khan,27,69,1,0,39.13,1,"Melbourne Cricket Ground, Melbourne","Dec 26-Dec 30, 10:30 AM LOCAL",7,Test,2011-12,"Australia vs India, 1st Test - Live Cricket Score, Commentary",India in Australia Test series,caught and bowled
7,Peter Siddle,c M Dhoni b Z Khan,41,100,4,0,41.0,1,"Melbourne Cricket Ground, Melbourne","Dec 26-Dec 30, 10:30 AM LOCAL",8,Test,2011-12,"Australia vs India, 1st Test - Live Cricket Score, Commentary",India in Australia Test series,caught and bowled
8,James Pattinson,not out,18,54,2,0,33.33,1,"Melbourne Cricket Ground, Melbourne","Dec 26-Dec 30, 10:30 AM LOCAL",9,Test,2011-12,"Australia vs India, 1st Test - Live Cricket Score, Commentary",India in Australia Test series,other
9,Ben Hilfenhaus,c V Kohli b R Ashwin,19,32,3,0,59.38,1,"Melbourne Cricket Ground, Melbourne","Dec 26-Dec 30, 10:30 AM LOCAL",10,Test,2011-12,"Australia vs India, 1st Test - Live Cricket Score, Commentary",India in Australia Test series,caught and bowled
10,Nathan Lyon,b R Ashwin,6,11,1,0,54.55,1,"Melbourne Cricket Ground, Melbourne","Dec 26-Dec 30, 10:30 AM LOCAL",11,Test,2011-12,"Australia vs India, 1st Test - Live Cricket Score, Commentary",India in Australia Test series,bowled
11,Gautam Gambhir,c B Haddin b B Hilfenhaus,3,23,0,0,13.04,2,"Melbourne Cricket Ground, Melbourne","Dec 26-Dec 30, 10:30 AM LOCAL",1,Test,2011-12,"Australia vs India, 1st Test - Live Cricket Score, Commentary",India in Australia Test series,caught and bowled
12,Virender Sehwag,b James Pattinson,67,83,7,0,80.72,2,"Melbourne Cricket Ground, Melbourne","Dec 26-Dec 30, 10:30 AM LOCAL",2,Test,2011-12,"Australia vs India, 1st Test - Live Cricket Score, Commentary",India in Australia Test series,bowled
13,Rahul Dravid,b B Hilfenhaus,68,187,6,0,36.36,2,"Melbourne Cricket Ground, Melbourne","Dec 26-Dec 30, 10:30 AM LOCAL",3,Test,2011-12,"Australia vs India, 1st Test - Live Cricket Score, Commentary",India in Australia Test series,bowled
14,Sachin Tendulkar,b P Siddle,73,98,8,1,74.49,2,"Melbourne Cricket Ground, Melbourne","Dec 26-Dec 30, 10:30 AM LOCAL",4,Test,2011-12,"Australia vs India, 1st Test - Live Cricket Score, Commentary",India in Australia Test series,bowled
15,Ishant Sharma,c B Haddin b B Hilfenhaus,11,69,0,0,15.94,2,"Melbourne Cricket Ground, Melbourne","Dec 26-Dec 30, 10:30 AM LOCAL",5,Test,2011-12,"Australia vs India, 1st Test - Live Cricket Score, Commentary",India in Australia Test series,caught and bowled
16,VVS Laxman,c B Haddin b P Siddle,2,22,0,0,9.09,2,"Melbourne Cricket Ground, Melbourne","Dec 26-Dec 30, 10:30 AM LOCAL",6,Test,2011-12,"Australia vs India, 1st Test - Live Cricket Score, Commentary",India in Australia Test series,caught and bowled
17,Virat Kohli,c B Haddin b B Hilfenhaus,11,21,1,0,52.38,2,"Melbourne Cricket Ground, Melbourne","Dec 26-Dec 30, 10:30 AM LOCAL",7,Test,2011-12,"Australia vs India, 1st Test - Live Cricket Score, Commentary",India in Australia Test series,caught and bowled
18,MS Dhoni,c M Hussey b B Hilfenhaus,6,8,0,0,75.0,2,"Melbourne Cricket Ground, Melbourne","Dec 26-Dec 30, 10:30 AM LOCAL",8,Test,2011-12,"Australia vs India, 1st Test - Live Cricket Score, Commentary",India in Australia Test series,caught and bowled
19,Ravichandran Ashwin,c B Haddin b P Siddle,31,35,3,1,88.57,2,"Melbourne Cricket Ground, Melbourne","Dec 26-Dec 30, 10:30 AM LOCAL",9,Test,2011-12,"Australia vs India, 1st Test - Live Cricket Score, Commentary",India in Australia Test series,caught and bowled
20,Zaheer Khan,b James Pattinson,4,6,1,0,66.67,2,"Melbourne Cricket Ground, Melbourne","Dec 26-Dec 30, 10:30 AM LOCAL",10,Test,2011-12,"Australia vs India, 1st Test - Live Cricket Score, Commentary",India in Australia Test series,bowled
21,Umesh Yadav,not out,2,16,0,0,12.5,2,"Melbourne Cricket Ground, Melbourne","Dec 26-Dec 30, 10:30 AM LOCAL",11,Test,2011-12,"Australia vs India, 1st Test - Live Cricket Score, Commentary",India in Australia Test series,other
22,David Warner,b U Yadav,5,27,0,0,18.52,3,"Melbourne Cricket Ground, Melbourne","Dec 26-Dec 30, 10:30 AM LOCAL",1,Test,2011-12,"Australia vs India, 1st Test - Live Cricket Score, Commentary",India in Australia Test series,bowled
23,Ed Cowan,lbw b U Yadav,8,17,1,0,47.06,3,"Melbourne Cricket Ground, Melbourne","Dec 26-Dec 30, 10:30 AM LOCAL",2,Test,2011-12,"Australia vs India, 1st Test - Live Cricket Score, Commentary",India in Australia Test series,bowled
24,Shaun Marsh,b U Yadav,3,11,0,0,27.27,3,"Melbourne Cricket Ground, Melbourne","Dec 26-Dec 30, 10:30 AM LOCAL",3,Test,2011-12,"Australia vs India, 1st Test - Live Cricket Score, Commentary",India in Australia Test series,bowled
25,Ricky Ponting,c V Sehwag b Z Khan,60,97,3,0,61.86,3,"Melbourne Cricket Ground, Melbourne","Dec 26-Dec 30, 10:30 AM LOCAL",4,Test,2011-12,"Australia vs India, 1st Test - Live Cricket Score, Commentary",India in Australia Test series,caught and bowled
26,Michael Clarke,b I Sharma,1,4,0,0,25.0,3,"Melbourne Cricket Ground, Melbourne","Dec 26-Dec 30, 10:30 AM LOCAL",5,Test,2011-12,"Australia vs India, 1st Test - Live Cricket Score, Commentary",India in Australia Test series,bowled
27,Michael Hussey,c M Dhoni b Z Khan,89,151,9,0,58.94,3,"Melbourne Cricket Ground, Melbourne","Dec 26-Dec 30, 10:30 AM LOCAL",6,Test,2011-12,"Australia vs India, 1st Test - Live Cricket Score, Commentary",India in Australia Test series,caught and bowled
28,Brad Haddin,c V Laxman b Z Khan,6,14,0,0,42.86,3,"Melbourne Cricket Ground, Melbourne","Dec 26-Dec 30, 10:30 AM LOCAL",7,Test,2011-12,"Australia vs India, 1st Test - Live Cricket Score, Commentary",India in Australia Test series,caught and bowled
29,Peter Siddle,c M Dhoni b U Yadav,4,22,0,0,18.18,3,"Melbourne Cricket Ground, Melbourne","Dec 26-Dec 30, 10:30 AM LOCAL",8,Test,2011-12,"Australia vs India, 1st Test - Live Cricket Score, Commentary",India in Australia Test series,caught and bowled
31,James Pattinson,not out,37,81,4,0,45.68,3,"Melbourne Cricket Ground, Melbourne","Dec 26-Dec 30, 10:30 AM LOCAL",10,Test,2011-12,"Australia vs India, 1st Test - Live Cricket Score, Commentary",India in Australia Test series,other
32,Ben Hilfenhaus,c V Laxman b I Sharma,14,29,2,0,48.28,3,"Melbourne Cricket Ground, Melbourne","Dec 26-Dec 30, 10:30 AM LOCAL",11,Test,2011-12,"Australia vs India, 1st Test - Live Cricket Score, Commentary",India in Australia Test series,caught and bowled
33,Gautam Gambhir,c R Ponting b P Siddle,13,46,1,0,28.26,4,"Melbourne Cricket Ground, Melbourne","Dec 26-Dec 30, 10:30 AM LOCAL",1,Test,2011-12,"Australia vs India, 1st Test - Live Cricket Score, Commentary",India in Australia Test series,caught and bowled
34,Virender Sehwag,c M Hussey b B Hilfenhaus,7,12,1,0,58.33,4,"Melbourne Cricket Ground, Melbourne","Dec 26-Dec 30, 10:30 AM LOCAL",2,Test,2011-12,"Australia vs India, 1st Test - Live Cricket Score, Commentary",India in Australia Test series,caught and bowled
35,Rahul Dravid,b James Pattinson,10,29,1,0,34.48,4,"Melbourne Cricket Ground, Melbourne","Dec 26-Dec 30, 10:30 AM LOCAL",3,Test,2011-12,"Australia vs India, 1st Test - Live Cricket Score, Commentary",India in Australia Test series,bowled
36,Sachin Tendulkar,c M Hussey b P Siddle,32,46,4,0,69.57,4,"Melbourne Cricket Ground, Melbourne","Dec 26-Dec 30, 10:30 AM LOCAL",4,Test,2011-12,"Australia vs India, 1st Test - Live Cricket Score, Commentary",India in Australia Test series,caught and bowled
37,VVS Laxman,c E Cowan b James Pattinson,1,14,0,0,7.14,4,"Melbourne Cricket Ground, Melbourne","Dec 26-Dec 30, 10:30 AM LOCAL",5,Test,2011-12,"Australia vs India, 1st Test - Live Cricket Score, Commentary",India in Australia Test series,caught and bowled
39,MS Dhoni,b James Pattinson,23,44,0,1,52.27,4,"Melbourne Cricket Ground, Melbourne","Dec 26-Dec 30, 10:30 AM LOCAL",7,Test,2011-12,"Australia vs India, 1st Test - Live Cricket Score, Commentary",India in Australia Test series,bowled
40,Ravichandran Ashwin,c E Cowan b P Siddle,30,35,5,0,85.71,4,"Melbourne Cricket Ground, Melbourne","Dec 26-Dec 30, 10:30 AM LOCAL",8,Test,2011-12,"Australia vs India, 1st Test - Live Cricket Score, Commentary",India in Australia Test series,caught and bowled
41,Zaheer Khan,c E Cowan b James Pattinson,13,22,1,1,59.09,4,"Melbourne Cricket Ground, Melbourne","Dec 26-Dec 30, 10:30 AM LOCAL",9,Test,2011-12,"Australia vs India, 1st Test - Live Cricket Score, Commentary",India in Australia Test series,caught and bowled
42,Ishant Sharma,not out,6,14,0,0,42.86,4,"Melbourne Cricket Ground, Melbourne","Dec 26-Dec 30, 10:30 AM LOCAL",10,Test,2011-12,"Australia vs India, 1st Test - Live Cricket Score, Commentary",India in Australia Test series,other
43,Umesh Yadav,c D Warner b N Lyon,21,25,2,1,84.0,4,"Melbourne Cricket Ground, Melbourne","Dec 26-Dec 30, 10:30 AM LOCAL",11,Test,2011-12,"Australia vs India, 1st Test - Live Cricket Score, Commentary",India in Australia Test series,caught and bowled
45,Virender Sehwag,c B Haddin b James Pattinson,30,51,4,0,58.82,1,"Sydney Cricket Ground, Sydney","Jan 03-Jan 07, 10:30 AM LOCAL",2,Test,2011-12,"Australia vs India, 2nd Test - Live Cricket Score, Commentary",India in Australia Test series,caught and bowled
46,Rahul Dravid,c E Cowan b P Siddle,5,33,1,0,15.15,1,"Sydney Cricket Ground, Sydney","Jan 03-Jan 07, 10:30 AM LOCAL",3,Test,2011-12,"Australia vs India, 2nd Test - Live Cricket Score, Commentary",India in Australia Test series,caught and bowled
47,Sachin Tendulkar,b James Pattinson,41,89,8,0,46.07,1,"Sydney Cricket Ground, Sydney","Jan 03-Jan 07, 10:30 AM LOCAL",4,Test,2011-12,"Australia vs India, 2nd Test - Live Cricket Score, Commentary",India in Australia Test series,bowled
48,VVS Laxman,c S Marsh b James Pattinson,2,9,0,0,22.22,1,"Sydney Cricket Ground, Sydney","Jan 03-Jan 07, 10:30 AM LOCAL",5,Test,2011-12,"Australia vs India, 2nd Test - Live Cricket Score, Commentary",India in Australia Test series,caught and bowled
49,Virat Kohli,c B Haddin b P Siddle,23,41,3,0,56.1,1,"Sydney Cricket Ground, Sydney","Jan 03-Jan 07, 10:30 AM LOCAL",6,Test,2011-12,"Australia vs India, 2nd Test - Live Cricket Score, Commentary",India in Australia Test series,caught and bowled
50,MS Dhoni,not out,57,77,8,0,74.03,1,"Sydney Cricket Ground, Sydney","Jan 03-Jan 07, 10:30 AM LOCAL",7,Test,2011-12,"Australia vs India, 2nd Test - Live Cricket Score, Commentary",India in Australia Test series,other
51,Ravichandran Ashwin,c M Clarke b B Hilfenhaus,20,39,1,0,51.28,1,"Sydney Cricket Ground, Sydney","Jan 03-Jan 07, 10:30 AM LOCAL",8,Test,2011-12,"Australia vs India, 2nd Test - Live Cricket Score, Commentary",India in Australia Test series,caught and bowled
55,David Warner,c S Tendulkar b Z Khan,8,6,1,0,133.33,2,"Sydney Cricket Ground, Sydney","Jan 03-Jan 07, 10:30 AM LOCAL",1,Test,2011-12,"Australia vs India, 2nd Test - Live Cricket Score, Commentary",India in Australia Test series,caught and bowled
56,Ed Cowan,lbw b Z Khan,16,28,2,0,57.14,2,"Sydney Cricket Ground, Sydney","Jan 03-Jan 07, 10:30 AM LOCAL",2,Test,2011-12,"Australia vs India, 2nd Test - Live Cricket Score, Commentary",India in Australia Test series,bowled
58,Ricky Ponting,c S Tendulkar b I Sharma,134,225,14,0,59.56,2,"Sydney Cricket Ground, Sydney","Jan 03-Jan 07, 10:30 AM LOCAL",4,Test,2011-12,"Australia vs India, 2nd Test - Live Cricket Score, Commentary",India in Australia Test series,caught and bowled
59,Michael Clarke,not out,329,468,39,1,70.3,2,"Sydney Cricket Ground, Sydney","Jan 03-Jan 07, 10:30 AM LOCAL",5,Test,2011-12,"Australia vs India, 2nd Test - Live Cricket Score, Commentary",India in Australia Test series,other
60,Michael Hussey,not out,150,253,16,1,59.29,2,"Sydney Cricket Ground, Sydney","Jan 03-Jan 07, 10:30 AM LOCAL",6,Test,2011-12,"Australia vs India, 2nd Test - Live Cricket Score, Commentary",India in Australia Test series,other
61,Gautam Gambhir,c D Warner b P Siddle,83,142,11,0,58.45,3,"Sydney Cricket Ground, Sydney","Jan 03-Jan 07, 10:30 AM LOCAL",1,Test,2011-12,"Australia vs India, 2nd Test - Live Cricket Score, Commentary",India in Australia Test series,caught and bowled
62,Virender Sehwag,c D Warner b B Hilfenhaus,4,8,1,0,50.0,3,"Sydney Cricket Ground, Sydney","Jan 03-Jan 07, 10:30 AM LOCAL",2,Test,2011-12,"Australia vs India, 2nd Test - Live Cricket Score, Commentary",India in Australia Test series,caught and bowled
63,Rahul Dravid,b B Hilfenhaus,29,73,6,0,39.73,3,"Sydney Cricket Ground, Sydney","Jan 03-Jan 07, 10:30 AM LOCAL",3,Test,2011-12,"Australia vs India, 2nd Test - Live Cricket Score, Commentary",India in Australia Test series,bowled
64,Sachin Tendulkar,c M Hussey b M Clarke,80,141,9,0,56.74,3,"Sydney Cricket Ground, Sydney","Jan 03-Jan 07, 10:30 AM LOCAL",4,Test,2011-12,"Australia vs India, 2nd Test - Live Cricket Score, Commentary",India in Australia Test series,caught and bowled
65,VVS Laxman,b B Hilfenhaus,66,119,7,0,55.46,3,"Sydney Cricket Ground, Sydney","Jan 03-Jan 07, 10:30 AM LOCAL",5,Test,2011-12,"Australia vs India, 2nd Test - Live Cricket Score, Commentary",India in Australia Test series,bowled
66,Virat Kohli,lbw b James Pattinson,9,24,2,0,37.5,3,"Sydney Cricket Ground, Sydney","Jan 03-Jan 07, 10:30 AM LOCAL",6,Test,2011-12,"Australia vs India, 2nd Test - Live Cricket Score, Commentary",India in Australia Test series,bowled
67,MS Dhoni,c & b B Hilfenhaus,2,11,0,0,18.18,3,"Sydney Cricket Ground, Sydney","Jan 03-Jan 07, 10:30 AM LOCAL",7,Test,2011-12,"Australia vs India, 2nd Test - Live Cricket Score, Commentary",India in Australia Test series,caught and bowled
68,Ravichandran Ashwin,c N Lyon b B Hilfenhaus,62,76,9,1,81.58,3,"Sydney Cricket Ground, Sydney","Jan 03-Jan 07, 10:30 AM LOCAL",8,Test,2011-12,"Australia vs India, 2nd Test - Live Cricket Score, Commentary",India in Australia Test series,caught and bowled
69,Zaheer Khan,c S Marsh b P Siddle,35,26,5,1,134.62,3,"Sydney Cricket Ground, Sydney","Jan 03-Jan 07, 10:30 AM LOCAL",9,Test,2011-12,"Australia vs India, 2nd Test - Live Cricket Score, Commentary",India in Australia Test series,caught and bowled
70,Ishant Sharma,lbw b N Lyon,11,35,2,0,31.43,3,"Sydney Cricket Ground, Sydney","Jan 03-Jan 07, 10:30 AM LOCAL",10,Test,2011-12,"Australia vs India, 2nd Test - Live Cricket Score, Commentary",India in Australia Test series,bowled
72,Gautam Gambhir,c B Haddin b B Hilfenhaus,31,82,3,0,37.8,1,"W.A.C.A. Ground, Perth","Jan 13-Jan 17, 10:30 AM LOCAL",1,Test,2011-12,"Australia vs India, 3rd Test - Live Cricket Score, Commentary",India in Australia Test series,caught and bowled
74,Rahul Dravid,b P Siddle,9,35,1,0,25.71,1,"W.A.C.A. Ground, Perth","Jan 13-Jan 17, 10:30 AM LOCAL",3,Test,2011-12,"Australia vs India, 3rd Test - Live Cricket Score, Commentary",India in Australia Test series,bowled
75,Sachin Tendulkar,lbw b R Harris,15,25,3,0,60.0,1,"W.A.C.A. Ground, Perth","Jan 13-Jan 17, 10:30 AM LOCAL",4,Test,2011-12,"Australia vs India, 3rd Test - Live Cricket Score, Commentary",India in Australia Test series,bowled
76,VVS Laxman,c M Clarke b P Siddle,31,86,5,0,36.05,1,"W.A.C.A. Ground, Perth","Jan 13-Jan 17, 10:30 AM LOCAL",5,Test,2011-12,"Australia vs India, 3rd Test - Live Cricket Score, Commentary",India in Australia Test series,caught and bowled
77,Virat Kohli,c D Warner b P Siddle,44,81,6,0,54.32,1,"W.A.C.A. Ground, Perth","Jan 13-Jan 17, 10:30 AM LOCAL",6,Test,2011-12,"Australia vs India, 3rd Test - Live Cricket Score, Commentary",India in Australia Test series,caught and bowled
78,MS Dhoni,c R Ponting b B Hilfenhaus,12,22,2,0,54.55,1,"W.A.C.A. Ground, Perth","Jan 13-Jan 17, 10:30 AM LOCAL",7,Test,2011-12,"Australia vs India, 3rd Test - Live Cricket Score, Commentary",India in Australia Test series,caught and bowled
79,Vinay Kumar,lbw b M Starc,5,4,1,0,125.0,1,"W.A.C.A. Ground, Perth","Jan 13-Jan 17, 10:30 AM LOCAL",8,Test,2011-12,"Australia vs India, 3rd Test - Live Cricket Score, Commentary",India in Australia Test series,bowled
80,Zaheer Khan,c M Clarke b B Hilfenhaus,2,11,0,0,18.18,1,"W.A.C.A. Ground, Perth","Jan 13-Jan 17, 10:30 AM LOCAL",9,Test,2011-12,"Australia vs India, 3rd Test - Live Cricket Score, Commentary",India in Australia Test series,caught and bowled
81,Ishant Sharma,c B Haddin b M Starc,3,8,0,0,37.5,1,"W.A.C.A. Ground, Perth","Jan 13-Jan 17, 10:30 AM LOCAL",10,Test,2011-12,"Australia vs India, 3rd Test - Live Cricket Score, Commentary",India in Australia Test series,caught and bowled
82,Umesh Yadav,not out,4,4,1,0,100.0,1,"W.A.C.A. Ground, Perth","Jan 13-Jan 17, 10:30 AM LOCAL",11,Test,2011-12,"Australia vs India, 3rd Test - Live Cricket Score, Commentary",India in Australia Test series,other
83,Ed Cowan,b U Yadav,74,120,10,0,61.67,2,"W.A.C.A. Ground, Perth","Jan 13-Jan 17, 10:30 AM LOCAL",1,Test,2011-12,"Australia vs India, 3rd Test - Live Cricket Score, Commentary",India in Australia Test series,bowled
84,David Warner,c U Yadav b I Sharma,180,159,20,5,113.21,2,"W.A.C.A. Ground, Perth","Jan 13-Jan 17, 10:30 AM LOCAL",2,Test,2011-12,"Australia vs India, 3rd Test - Live Cricket Score, Commentary",India in Australia Test series,caught and bowled
85,Shaun Marsh,c V Laxman b U Yadav,11,19,2,0,57.89,2,"W.A.C.A. Ground, Perth","Jan 13-Jan 17, 10:30 AM LOCAL",3,Test,2011-12,"Australia vs India, 3rd Test - Live Cricket Score, Commentary",India in Australia Test series,caught and bowled
86,Ricky Ponting,b U Yadav,7,6,1,0,116.67,2,"W.A.C.A. Ground, Perth","Jan 13-Jan 17, 10:30 AM LOCAL",4,Test,2011-12,"Australia vs India, 3rd Test - Live Cricket Score, Commentary",India in Australia Test series,bowled
87,Michael Clarke,c M Dhoni b Z Khan,18,38,3,0,47.37,2,"W.A.C.A. Ground, Perth","Jan 13-Jan 17, 10:30 AM LOCAL",5,Test,2011-12,"Australia vs India, 3rd Test - Live Cricket Score, Commentary",India in Australia Test series,caught and bowled
88,Michael Hussey,c V Sehwag b V Kumar,14,29,2,0,48.28,2,"W.A.C.A. Ground, Perth","Jan 13-Jan 17, 10:30 AM LOCAL",6,Test,2011-12,"Australia vs India, 3rd Test - Live Cricket Score, Commentary",India in Australia Test series,caught and bowled
90,Peter Siddle,b U Yadav,30,31,4,0,96.77,2,"W.A.C.A. Ground, Perth","Jan 13-Jan 17, 10:30 AM LOCAL",8,Test,2011-12,"Australia vs India, 3rd Test - Live Cricket Score, Commentary",India in Australia Test series,bowled
91,Ryan Harris,c G Gambhir b U Yadav,9,17,0,0,52.94,2,"W.A.C.A. Ground, Perth","Jan 13-Jan 17, 10:30 AM LOCAL",9,Test,2011-12,"Australia vs India, 3rd Test - Live Cricket Score, Commentary",India in Australia Test series,caught and bowled
92,Mitchell Starc,not out,15,27,2,0,55.56,2,"W.A.C.A. Ground, Perth","Jan 13-Jan 17, 10:30 AM LOCAL",10,Test,2011-12,"Australia vs India, 3rd Test - Live Cricket Score, Commentary",India in Australia Test series,other
93,Ben Hilfenhaus,c V Kohli b V Sehwag,6,9,1,0,66.67,2,"W.A.C.A. Ground, Perth","Jan 13-Jan 17, 10:30 AM LOCAL",11,Test,2011-12,"Australia vs India, 3rd Test - Live Cricket Score, Commentary",India in Australia Test series,caught and bowled
94,Gautam Gambhir,c M Hussey b M Starc,14,37,3,0,37.84,3,"W.A.C.A. Ground, Perth","Jan 13-Jan 17, 10:30 AM LOCAL",1,Test,2011-12,"Australia vs India, 3rd Test - Live Cricket Score, Commentary",India in Australia Test series,caught and bowled
95,Virender Sehwag,c B Haddin b P Siddle,10,28,1,0,35.71,3,"W.A.C.A. Ground, Perth","Jan 13-Jan 17, 10:30 AM LOCAL",2,Test,2011-12,"Australia vs India, 3rd Test - Live Cricket Score, Commentary",India in Australia Test series,caught and bowled
96,Rahul Dravid,b R Harris,47,114,8,0,41.23,3,"W.A.C.A. Ground, Perth","Jan 13-Jan 17, 10:30 AM LOCAL",3,Test,2011-12,"Australia vs India, 3rd Test - Live Cricket Score, Commentary",India in Australia Test series,bowled
97,Sachin Tendulkar,lbw b M Starc,8,16,1,0,50.0,3,"W.A.C.A. Ground, Perth","Jan 13-Jan 17, 10:30 AM LOCAL",4,Test,2011-12,"Australia vs India, 3rd Test - Live Cricket Score, Commentary",India in Australia Test series,bowled
99,Virat Kohli,c B Haddin b P Siddle,75,136,9,0,55.15,3,"W.A.C.A. Ground, Perth","Jan 13-Jan 17, 10:30 AM LOCAL",6,Test,2011-12,"Australia vs India, 3rd Test - Live Cricket Score, Commentary",India in Australia Test series,caught and bowled
100,MS Dhoni,c R Ponting b P Siddle,2,15,0,0,13.33,3,"W.A.C.A. Ground, Perth","Jan 13-Jan 17, 10:30 AM LOCAL",7,Test,2011-12,"Australia vs India, 3rd Test - Live Cricket Score, Commentary",India in Australia Test series,caught and bowled
101,Vinay Kumar,c M Clarke b B Hilfenhaus,6,20,1,0,30.0,3,"W.A.C.A. Ground, Perth","Jan 13-Jan 17, 10:30 AM LOCAL",8,Test,2011-12,"Australia vs India, 3rd Test - Live Cricket Score, Commentary",India in Australia Test series,caught and bowled
105,Ed Cowan,c V Laxman b R Ashwin,30,63,3,0,47.62,1,"Adelaide Oval, Adelaide","Jan 24-Jan 28, 10:31 AM LOCAL",1,Test,2011-12,"Australia vs India, 4th Test - Live Cricket Score, Commentary",India in Australia Test series,caught and bowled
106,David Warner,lbw b Z Khan,8,23,0,0,34.78,1,"Adelaide Oval, Adelaide","Jan 24-Jan 28, 10:31 AM LOCAL",2,Test,2011-12,"Australia vs India, 4th Test - Live Cricket Score, Commentary",India in Australia Test series,bowled
107,Shaun Marsh,b R Ashwin,3,12,0,0,25.0,1,"Adelaide Oval, Adelaide","Jan 24-Jan 28, 10:31 AM LOCAL",3,Test,2011-12,"Australia vs India, 4th Test - Live Cricket Score, Commentary",India in Australia Test series,bowled
108,Ricky Ponting,c S Tendulkar b Z Khan,221,404,21,0,54.7,1,"Adelaide Oval, Adelaide","Jan 24-Jan 28, 10:31 AM LOCAL",4,Test,2011-12,"Australia vs India, 4th Test - Live Cricket Score, Commentary",India in Australia Test series,caught and bowled
109,Michael Clarke,b U Yadav,210,275,26,1,76.36,1,"Adelaide Oval, Adelaide","Jan 24-Jan 28, 10:31 AM LOCAL",5,Test,2011-12,"Australia vs India, 4th Test - Live Cricket Score, Commentary",India in Australia Test series,bowled
110,Michael Hussey,run out (G Gambhir),25,33,3,0,75.76,1,"Adelaide Oval, Adelaide","Jan 24-Jan 28, 10:31 AM LOCAL",6,Test,2011-12,"Australia vs India, 4th Test - Live Cricket Score, Commentary",India in Australia Test series,run out
111,Brad Haddin,not out,42,66,1,2,63.64,1,"Adelaide Oval, Adelaide","Jan 24-Jan 28, 10:31 AM LOCAL",7,Test,2011-12,"Australia vs India, 4th Test - Live Cricket Score, Commentary",India in Australia Test series,other
112,Peter Siddle,c W Saha b R Ashwin,2,15,0,0,13.33,1,"Adelaide Oval, Adelaide","Jan 24-Jan 28, 10:31 AM LOCAL",8,Test,2011-12,"Australia vs India, 4th Test - Live Cricket Score, Commentary",India in Australia Test series,caught and bowled
113,Ryan Harris,not out,35,51,2,1,68.63,1,"Adelaide Oval, Adelaide","Jan 24-Jan 28, 10:31 AM LOCAL",9,Test,2011-12,"Australia vs India, 4th Test - Live Cricket Score, Commentary",India in Australia Test series,other
114,Gautam Gambhir,c M Hussey b P Siddle,34,94,4,0,36.17,2,"Adelaide Oval, Adelaide","Jan 24-Jan 28, 10:31 AM LOCAL",1,Test,2011-12,"Australia vs India, 4th Test - Live Cricket Score, Commentary",India in Australia Test series,caught and bowled
115,Virender Sehwag,c & b P Siddle,18,18,3,0,100.0,2,"Adelaide Oval, Adelaide","Jan 24-Jan 28, 10:31 AM LOCAL",2,Test,2011-12,"Australia vs India, 4th Test - Live Cricket Score, Commentary",India in Australia Test series,caught and bowled
116,Rahul Dravid,b B Hilfenhaus,1,9,0,0,11.11,2,"Adelaide Oval, Adelaide","Jan 24-Jan 28, 10:31 AM LOCAL",3,Test,2011-12,"Australia vs India, 4th Test - Live Cricket Score, Commentary",India in Australia Test series,bowled
117,Sachin Tendulkar,c R Ponting b P Siddle,25,69,3,0,36.23,2,"Adelaide Oval, Adelaide","Jan 24-Jan 28, 10:31 AM LOCAL",4,Test,2011-12,"Australia vs India, 4th Test - Live Cricket Score, Commentary",India in Australia Test series,caught and bowled
118,VVS Laxman,c B Haddin b N Lyon,18,43,1,0,41.86,2,"Adelaide Oval, Adelaide","Jan 24-Jan 28, 10:31 AM LOCAL",5,Test,2011-12,"Australia vs India, 4th Test - Live Cricket Score, Commentary",India in Australia Test series,caught and bowled
119,Virat Kohli,lbw b B Hilfenhaus,116,213,11,1,54.46,2,"Adelaide Oval, Adelaide","Jan 24-Jan 28, 10:31 AM LOCAL",6,Test,2011-12,"Australia vs India, 4th Test - Live Cricket Score, Commentary",India in Australia Test series,bowled
120,Wriddhiman Saha,b R Harris,35,94,1,1,37.23,2,"Adelaide Oval, Adelaide","Jan 24-Jan 28, 10:31 AM LOCAL",7,Test,2011-12,"Australia vs India, 4th Test - Live Cricket Score, Commentary",India in Australia Test series,bowled
121,Ravichandran Ashwin,lbw b P Siddle,5,9,0,0,55.56,2,"Adelaide Oval, Adelaide","Jan 24-Jan 28, 10:31 AM LOCAL",8,Test,2011-12,"Australia vs India, 4th Test - Live Cricket Score, Commentary",India in Australia Test series,bowled
123,Ishant Sharma,b B Hilfenhaus,16,23,3,0,69.57,2,"Adelaide Oval, Adelaide","Jan 24-Jan 28, 10:31 AM LOCAL",10,Test,2011-12,"Australia vs India, 4th Test - Live Cricket Score, Commentary",India in Australia Test series,bowled
125,David Warner,c & b R Ashwin,28,39,4,0,71.79,3,"Adelaide Oval, Adelaide","Jan 24-Jan 28, 10:31 AM LOCAL",1,Test,2011-12,"Australia vs India, 4th Test - Live Cricket Score, Commentary",India in Australia Test series,caught and bowled
126,Ed Cowan,lbw b R Ashwin,10,27,1,0,37.04,3,"Adelaide Oval, Adelaide","Jan 24-Jan 28, 10:31 AM LOCAL",2,Test,2011-12,"Australia vs India, 4th Test - Live Cricket Score, Commentary",India in Australia Test series,bowled
128,Ricky Ponting,not out,60,96,5,0,62.5,3,"Adelaide Oval, Adelaide","Jan 24-Jan 28, 10:31 AM LOCAL",4,Test,2011-12,"Australia vs India, 4th Test - Live Cricket Score, Commentary",India in Australia Test series,other
129,Michael Clarke,c W Saha b U Yadav,37,43,4,0,86.05,3,"Adelaide Oval, Adelaide","Jan 24-Jan 28, 10:31 AM LOCAL",5,Test,2011-12,"Australia vs India, 4th Test - Live Cricket Score, Commentary",India in Australia Test series,caught and bowled
130,Michael Hussey,lbw b I Sharma,15,40,1,0,37.5,3,"Adelaide Oval, Adelaide","Jan 24-Jan 28, 10:31 AM LOCAL",6,Test,2011-12,"Australia vs India, 4th Test - Live Cricket Score, Commentary",India in Australia Test series,bowled
131,Brad Haddin,not out,11,26,2,0,42.31,3,"Adelaide Oval, Adelaide","Jan 24-Jan 28, 10:31 AM LOCAL",7,Test,2011-12,"Australia vs India, 4th Test - Live Cricket Score, Commentary",India in Australia Test series,other
132,Gautam Gambhir,c B Haddin b R Harris,3,18,0,0,16.67,4,"Adelaide Oval, Adelaide","Jan 24-Jan 28, 10:31 AM LOCAL",1,Test,2011-12,"Australia vs India, 4th Test - Live Cricket Score, Commentary",India in Australia Test series,caught and bowled
133,Virender Sehwag,c R Ponting b N Lyon,62,53,12,0,116.98,4,"Adelaide Oval, Adelaide","Jan 24-Jan 28, 10:31 AM LOCAL",2,Test,2011-12,"Australia vs India, 4th Test - Live Cricket Score, Commentary",India in Australia Test series,caught and bowled
134,Rahul Dravid,c M Hussey b R Harris,25,71,3,0,35.21,4,"Adelaide Oval, Adelaide","Jan 24-Jan 28, 10:31 AM LOCAL",3,Test,2011-12,"Australia vs India, 4th Test - Live Cricket Score, Commentary",India in Australia Test series,caught and bowled
135,Sachin Tendulkar,c E Cowan b N Lyon,13,34,2,0,38.24,4,"Adelaide Oval, Adelaide","Jan 24-Jan 28, 10:31 AM LOCAL",4,Test,2011-12,"Australia vs India, 4th Test - Live Cricket Score, Commentary",India in Australia Test series,caught and bowled
136,VVS Laxman,c S Marsh b N Lyon,35,88,4,0,39.77,4,"Adelaide Oval, Adelaide","Jan 24-Jan 28, 10:31 AM LOCAL",5,Test,2011-12,"Australia vs India, 4th Test - Live Cricket Score, Commentary",India in Australia Test series,caught and bowled
137,Virat Kohli,run out (B Hilfenhaus),22,62,2,0,35.48,4,"Adelaide Oval, Adelaide","Jan 24-Jan 28, 10:31 AM LOCAL",6,Test,2011-12,"Australia vs India, 4th Test - Live Cricket Score, Commentary",India in Australia Test series,run out
138,Ishant Sharma,c B Haddin b R Harris,2,12,0,0,16.67,4,"Adelaide Oval, Adelaide","Jan 24-Jan 28, 10:31 AM LOCAL",7,Test,2011-12,"Australia vs India, 4th Test - Live Cricket Score, Commentary",India in Australia Test series,caught and bowled
139,Wriddhiman Saha,c B Haddin b P Siddle,3,20,0,0,15.0,4,"Adelaide Oval, Adelaide","Jan 24-Jan 28, 10:31 AM LOCAL",8,Test,2011-12,"Australia vs India, 4th Test - Live Cricket Score, Commentary",India in Australia Test series,caught and bowled
140,Ravichandran Ashwin,not out,15,31,1,0,48.39,4,"Adelaide Oval, Adelaide","Jan 24-Jan 28, 10:31 AM LOCAL",9,Test,2011-12,"Australia vs India, 4th Test - Live Cricket Score, Commentary",India in Australia Test series,other
141,Zaheer Khan,c D Warner b B Hilfenhaus,15,18,3,0,83.33,4,"Adelaide Oval, Adelaide","Jan 24-Jan 28, 10:31 AM LOCAL",10,Test,2011-12,"Australia vs India, 4th Test - Live Cricket Score, Commentary",India in Australia Test series,caught and bowled
142,Umesh Yadav,c B Haddin b N Lyon,1,11,0,0,9.09,4,"Adelaide Oval, Adelaide","Jan 24-Jan 28, 10:31 AM LOCAL",11,Test,2011-12,"Australia vs India, 4th Test - Live Cricket Score, Commentary",India in Australia Test series,caught and bowled
3981,Shane Watson,b R Ashwin,25,38,5,0,65.79,1,"Narendra Modi Stadium A Ground, Ahmedabad","Mar 24, 02:30 PM LOCAL",1,,2011,"India vs Australia, 2nd Quarter-Final - Live Cricket Score, Commentary",ICC World Cup,bowled
3982,Brad Haddin,c S Raina b Y Singh,53,62,6,1,85.48,1,"Narendra Modi Stadium A Ground, Ahmedabad","Mar 24, 02:30 PM LOCAL",2,,2011,"India vs Australia, 2nd Quarter-Final - Live Cricket Score, Commentary",ICC World Cup,caught and bowled
3983,Ricky Ponting,c Z Khan b R Ashwin,104,118,7,1,88.14,1,"Narendra Modi Stadium A Ground, Ahmedabad","Mar 24, 02:30 PM LOCAL",3,,2011,"India vs Australia, 2nd Quarter-Final - Live Cricket Score, Commentary",ICC World Cup,caught and bowled
3984,Michael Clarke,c Z Khan b Y Singh,8,19,0,0,42.11,1,"Narendra Modi Stadium A Ground, Ahmedabad","Mar 24, 02:30 PM LOCAL",4,,2011,"India vs Australia, 2nd Quarter-Final - Live Cricket Score, Commentary",ICC World Cup,caught and bowled
3985,Michael Hussey,b Z Khan,3,9,0,0,33.33,1,"Narendra Modi Stadium A Ground, Ahmedabad","Mar 24, 02:30 PM LOCAL",5,,2011,"India vs Australia, 2nd Quarter-Final - Live Cricket Score, Commentary",ICC World Cup,bowled
3986,Cameron White,c & b Z Khan,12,22,0,0,54.55,1,"Narendra Modi Stadium A Ground, Ahmedabad","Mar 24, 02:30 PM LOCAL",6,,2011,"India vs Australia, 2nd Quarter-Final - Live Cricket Score, Commentary",ICC World Cup,caught and bowled
3987,David Hussey,not out,38,26,3,1,146.15,1,"Narendra Modi Stadium A Ground, Ahmedabad","Mar 24, 02:30 PM LOCAL",7,,2011,"India vs Australia, 2nd Quarter-Final - Live Cricket Score, Commentary",ICC World Cup,other
3988,Mitchell Johnson,not out,6,6,0,0,100.0,1,"Narendra Modi Stadium A Ground, Ahmedabad","Mar 24, 02:30 PM LOCAL",8,,2011,"India vs Australia, 2nd Quarter-Final - Live Cricket Score, Commentary",ICC World Cup,other
3989,Virender Sehwag,c M Hussey b S Watson,15,22,2,0,68.18,2,"Narendra Modi Stadium A Ground, Ahmedabad","Mar 24, 02:30 PM LOCAL",1,,2011,"India vs Australia, 2nd Quarter-Final - Live Cricket Score, Commentary",ICC World Cup,caught and bowled
3990,Sachin Tendulkar,c B Haddin b S Tait,53,68,7,0,77.94,2,"Narendra Modi Stadium A Ground, Ahmedabad","Mar 24, 02:30 PM LOCAL",2,,2011,"India vs Australia, 2nd Quarter-Final - Live Cricket Score, Commentary",ICC World Cup,caught and bowled
3991,Gautam Gambhir,run out (C White/D Hussey),50,64,2,0,78.13,2,"Narendra Modi Stadium A Ground, Ahmedabad","Mar 24, 02:30 PM LOCAL",3,,2011,"India vs Australia, 2nd Quarter-Final - Live Cricket Score, Commentary",ICC World Cup,run out
3992,Virat Kohli,c M Clarke b D Hussey,24,33,1,0,72.73,2,"Narendra Modi Stadium A Ground, Ahmedabad","Mar 24, 02:30 PM LOCAL",4,,2011,"India vs Australia, 2nd Quarter-Final - Live Cricket Score, Commentary",ICC World Cup,caught and bowled
3993,Yuvraj Singh,not out,57,65,8,0,87.69,2,"Narendra Modi Stadium A Ground, Ahmedabad","Mar 24, 02:30 PM LOCAL",5,,2011,"India vs Australia, 2nd Quarter-Final - Live Cricket Score, Commentary",ICC World Cup,other
3994,MS Dhoni,c M Clarke b B Lee,7,8,1,0,87.5,2,"Narendra Modi Stadium A Ground, Ahmedabad","Mar 24, 02:30 PM LOCAL",6,,2011,"India vs Australia, 2nd Quarter-Final - Live Cricket Score, Commentary",ICC World Cup,caught and bowled
3995,Suresh Raina,not out,34,28,2,1,121.43,2,"Narendra Modi Stadium A Ground, Ahmedabad","Mar 24, 02:30 PM LOCAL",7,,2011,"India vs Australia, 2nd Quarter-Final - Live Cricket Score, Commentary",ICC World Cup,other
